Fold,Baseline_MSE,Augmented_MSE
1,0.06534451162504996,0.0998937146978764
2,0.22846021541905123,0.5717809422008838
3,0.6012167732667527,2.029984097302021
4,0.6091442770202203,2.6436559246662408
5,1.2374951970174204,3.1454738223969976
6,0.1093539379984051,0.1889347755014609
7,0.11453744283326862,1.7511861612726392
8,0.07950226751016248,0.047959730678478224
9,0.30077827740495094,0.0739016142206769
Average,0.37175921112169796,1.1725300869930306
Std Dev,0.36490452165735354,1.1584155611989009
