Feature,Volatility_nm
Pitch (um),1.2310500471293906
d2 (um),0.2440844669352975
d3 (um),0.13901145218513156
d1 (um),0.007698208402008285
