Noise_Level,Std_Dev,Range
1.0%,1.0280934827789217,2.9639278557114235
3.0%,1.2695074938378799,3.0
5.0%,1.337917560652679,3.0
