Analyte_Transition,Delta_Lambda_nm,Sensitivity_nm_RIU
1.33->1.34,0.2762762762762758,27.627627627627557
1.34->1.35,0.2762762762762767,27.627627627627646
