Analyte_Transition,Delta_Lambda_nm,Sensitivity_nm_RIU
1.33->1.34,0.27927927927927865,27.92792792792784
1.34->1.35,0.2732732732732739,27.327327327327364
